{
    "Mentiongift": true,
    "Mentionkick": false,
    "Respontag": "Ngapain Ngetag² Aim ??? Nakal Yah Sini Tak Cubit...!!!",
    "Talkblacklist": {},
    "Talkdblacklist": false,
    "Talkwblacklist": false,
    "addadmin": true,
    "addbots": false,
    "addstaff": false,
    "admin": {},
    "autoAdd": true,
    "autoJoin": true,
    "autoLeave": false,
    "autoLeave1": false,
    "blacklist": {},
    "bots": {},
    "comment": "Like like & like by Abi LovE Riny",
    "contact": false,
    "dblacklist": false,
    "delladmin": false,
    "dellbots": false,
    "dellstaff": false,
    "detectMention": true,
    "leave": "Byee Minggat Sono Jangan Balik Lagi Ke Sini...!!!",
    "limit": 5,
    "mention": "Wooooyyyy Ngintip² Baee Sini Gabung Chat Biar Rame...!!!",
    "message": "Terimakasih sudah add saya 😃",
    "owner": {},
    "selfbot": true,
    "staff": {},
    "sticker": false,
    "talkban": true,
    "unsend": true,
    "wblacklist": false,
    "welcome": "Haii Salken Yah Kaka... ;) Moga Betah ",
    "welcomeOn": true
}